{"cameraMode":{"drawMode":0,"name":"Shaded","section":"Shading Mode"},"sceneLighting":false,"audioPlay":false,"sceneViewState":{"showFog":true,"showMaterialUpdate":false,"showSkybox":false,"showFlares":true,"showImageEffects":true,"showParticleSystems":true},"in2DMode":false,"pivot":{"x":-2.4851021766662599,"y":2.604297161102295,"z":-0.4173184931278229},"rotation":{"x":0.3575487732887268,"y":0.16760733723640443,"z":-0.06539499014616013,"w":0.9164019227027893},"size":6.470038414001465,"orthographic":true}